{"ProjectBreakpoints":"{\"Value\":{\"_temp.xaml\":[{\"ConditionalExpression\":null,\"ActionExpression\":null,\"ExpectedHitCounter\":null,\"ShouldContinueAfterAction\":false,\"BreakpointType\":1,\"LocationIdentifier\":\"Assign\",\"IsEnabled\":true,\"Annotation\":null,\"Id\":\"cb479299-0d15-4dfb-a36e-aedc53e45a28\",\"ActivityIdRef\":\"Assign_1\",\"ActivityId\":\"1.5\",\"ActivityName\":\"Assign\",\"IsTransient\":false}]},\"CodeBreakpoints\":{}}","OpenedDocuments":"[{\"DocumentPath\":\"Main.xaml\",\"FactoryId\":\"{ACB8E7BA-F093-44C1-9B50-33ECA51AAE16}\"},{\"DocumentPath\":\"ExtractDatafromWeb.xaml\",\"FactoryId\":\"{ACB8E7BA-F093-44C1-9B50-33ECA51AAE16}\"},{\"DocumentPath\":\"_temp.xaml\",\"FactoryId\":\"{ACB8E7BA-F093-44C1-9B50-33ECA51AAE16}\"}]","ProjectWatches":"{\"Value\":[]}"}